Country,Year,Production,Type
Albania,2021/22,0,Robusta
Albania,2022/23,0,Robusta
Albania,2023/24,0,Robusta
Albania,2024/25,0,Robusta
Albania,2025/26,0,Robusta
Algeria,2021/22,0,Robusta
Algeria,2022/23,0,Robusta
Algeria,2023/24,0,Robusta
Algeria,2024/25,0,Robusta
Algeria,2025/26,0,Robusta
Angola,2021/22,30,Robusta
Angola,2022/23,20,Robusta
Angola,2023/24,30,Robusta
Angola,2024/25,45,Robusta
Angola,2025/26,50,Robusta
Argentina,2021/22,0,Robusta
Argentina,2022/23,0,Robusta
Argentina,2023/24,0,Robusta
Argentina,2024/25,0,Robusta
Argentina,2025/26,0,Robusta
Armenia,2021/22,0,Robusta
Armenia,2022/23,0,Robusta
Armenia,2023/24,0,Robusta
Armenia,2024/25,0,Robusta
Armenia,2025/26,0,Robusta
Australia,2021/22,0,Robusta
Australia,2022/23,0,Robusta
Australia,2023/24,0,Robusta
Australia,2024/25,0,Robusta
Australia,2025/26,0,Robusta
Benin,2021/22,0,Robusta
Benin,2022/23,0,Robusta
Benin,2023/24,0,Robusta
Benin,2024/25,0,Robusta
Benin,2025/26,0,Robusta
Bolivia,2021/22,0,Robusta
Bolivia,2022/23,0,Robusta
Bolivia,2023/24,0,Robusta
Bolivia,2024/25,0,Robusta
Bolivia,2025/26,0,Robusta
Bosnia and Herzegovina,2021/22,0,Robusta
Bosnia and Herzegovina,2022/23,0,Robusta
Bosnia and Herzegovina,2023/24,0,Robusta
Bosnia and Herzegovina,2024/25,0,Robusta
Bosnia and Herzegovina,2025/26,0,Robusta
Brazil,2021/22,21700,Robusta
Brazil,2022/23,22800,Robusta
Brazil,2023/24,21400,Robusta
Brazil,2024/25,21000,Robusta
Brazil,2025/26,25000,Robusta
Burundi,2021/22,0,Robusta
Burundi,2022/23,0,Robusta
Burundi,2023/24,0,Robusta
Burundi,2024/25,0,Robusta
Burundi,2025/26,0,Robusta
Cameroon,2021/22,250,Robusta
Cameroon,2022/23,220,Robusta
Cameroon,2023/24,190,Robusta
Cameroon,2024/25,180,Robusta
Cameroon,2025/26,200,Robusta
Canada,2021/22,0,Robusta
Canada,2022/23,0,Robusta
Canada,2023/24,0,Robusta
Canada,2024/25,0,Robusta
Canada,2025/26,0,Robusta
Central African Republic,2021/22,0,Robusta
Central African Republic,2022/23,0,Robusta
Central African Republic,2023/24,0,Robusta
Central African Republic,2024/25,0,Robusta
Central African Republic,2025/26,0,Robusta
Chile,2021/22,0,Robusta
Chile,2022/23,0,Robusta
Chile,2023/24,0,Robusta
Chile,2024/25,0,Robusta
Chile,2025/26,0,Robusta
China,2021/22,0,Robusta
China,2022/23,0,Robusta
China,2023/24,0,Robusta
China,2024/25,0,Robusta
China,2025/26,0,Robusta
Colombia,2021/22,0,Robusta
Colombia,2022/23,0,Robusta
Colombia,2023/24,0,Robusta
Colombia,2024/25,0,Robusta
Colombia,2025/26,0,Robusta
Congo (Brazzaville),2021/22,0,Robusta
Congo (Brazzaville),2022/23,0,Robusta
Congo (Brazzaville),2023/24,0,Robusta
Congo (Brazzaville),2024/25,0,Robusta
Congo (Brazzaville),2025/26,0,Robusta
Congo (Kinshasa),2021/22,200,Robusta
Congo (Kinshasa),2022/23,180,Robusta
Congo (Kinshasa),2023/24,150,Robusta
Congo (Kinshasa),2024/25,145,Robusta
Congo (Kinshasa),2025/26,150,Robusta
Costa Rica,2021/22,0,Robusta
Costa Rica,2022/23,0,Robusta
Costa Rica,2023/24,0,Robusta
Costa Rica,2024/25,0,Robusta
Costa Rica,2025/26,0,Robusta
Cote dchr(39)Ivoire,2021/22,1110,Robusta
Cote dchr(39)Ivoire,2022/23,1020,Robusta
Cote dchr(39)Ivoire,2023/24,1325,Robusta
Cote dchr(39)Ivoire,2024/25,650,Robusta
Cote dchr(39)Ivoire,2025/26,1300,Robusta
Croatia,2021/22,0,Robusta
Croatia,2022/23,0,Robusta
Croatia,2023/24,0,Robusta
Croatia,2024/25,0,Robusta
Croatia,2025/26,0,Robusta
Cuba,2021/22,0,Robusta
Cuba,2022/23,0,Robusta
Cuba,2023/24,0,Robusta
Cuba,2024/25,0,Robusta
Cuba,2025/26,0,Robusta
Dominican Republic,2021/22,0,Robusta
Dominican Republic,2022/23,0,Robusta
Dominican Republic,2023/24,0,Robusta
Dominican Republic,2024/25,0,Robusta
Dominican Republic,2025/26,0,Robusta
Ecuador,2021/22,170,Robusta
Ecuador,2022/23,241,Robusta
Ecuador,2023/24,250,Robusta
Ecuador,2024/25,250,Robusta
Ecuador,2025/26,250,Robusta
Egypt,2021/22,0,Robusta
Egypt,2022/23,0,Robusta
Egypt,2023/24,0,Robusta
Egypt,2024/25,0,Robusta
Egypt,2025/26,0,Robusta
El Salvador,2021/22,0,Robusta
El Salvador,2022/23,0,Robusta
El Salvador,2023/24,0,Robusta
El Salvador,2024/25,0,Robusta
El Salvador,2025/26,0,Robusta
Equatorial Guinea,2021/22,0,Robusta
Equatorial Guinea,2022/23,0,Robusta
Equatorial Guinea,2023/24,0,Robusta
Equatorial Guinea,2024/25,0,Robusta
Equatorial Guinea,2025/26,0,Robusta
Ethiopia,2021/22,0,Robusta
Ethiopia,2022/23,0,Robusta
Ethiopia,2023/24,0,Robusta
Ethiopia,2024/25,0,Robusta
Ethiopia,2025/26,0,Robusta
European Union,2021/22,0,Robusta
European Union,2022/23,0,Robusta
European Union,2023/24,0,Robusta
European Union,2024/25,0,Robusta
European Union,2025/26,0,Robusta
Gabon,2021/22,0,Robusta
Gabon,2022/23,0,Robusta
Gabon,2023/24,0,Robusta
Gabon,2024/25,0,Robusta
Gabon,2025/26,0,Robusta
Georgia,2021/22,0,Robusta
Georgia,2022/23,0,Robusta
Georgia,2023/24,0,Robusta
Georgia,2024/25,0,Robusta
Georgia,2025/26,0,Robusta
Ghana,2021/22,0,Robusta
Ghana,2022/23,0,Robusta
Ghana,2023/24,0,Robusta
Ghana,2024/25,0,Robusta
Ghana,2025/26,0,Robusta
Guatemala,2021/22,130,Robusta
Guatemala,2022/23,120,Robusta
Guatemala,2023/24,130,Robusta
Guatemala,2024/25,130,Robusta
Guatemala,2025/26,130,Robusta
Guinea,2021/22,300,Robusta
Guinea,2022/23,100,Robusta
Guinea,2023/24,190,Robusta
Guinea,2024/25,175,Robusta
Guinea,2025/26,190,Robusta
Guyana,2021/22,0,Robusta
Guyana,2022/23,0,Robusta
Guyana,2023/24,0,Robusta
Guyana,2024/25,0,Robusta
Guyana,2025/26,0,Robusta
Haiti,2021/22,0,Robusta
Haiti,2022/23,0,Robusta
Haiti,2023/24,0,Robusta
Haiti,2024/25,0,Robusta
Haiti,2025/26,0,Robusta
Honduras,2021/22,0,Robusta
Honduras,2022/23,0,Robusta
Honduras,2023/24,0,Robusta
Honduras,2024/25,0,Robusta
Honduras,2025/26,0,Robusta
India,2021/22,4117,Robusta
India,2022/23,4200,Robusta
India,2023/24,5080,Robusta
India,2024/25,4800,Robusta
India,2025/26,4700,Robusta
Indonesia,2021/22,9300,Robusta
Indonesia,2022/23,9500,Robusta
Indonesia,2023/24,6800,Robusta
Indonesia,2024/25,9300,Robusta
Indonesia,2025/26,11000,Robusta
Iran,2021/22,0,Robusta
Iran,2022/23,0,Robusta
Iran,2023/24,0,Robusta
Iran,2024/25,0,Robusta
Iran,2025/26,0,Robusta
Jamaica,2021/22,0,Robusta
Jamaica,2022/23,0,Robusta
Jamaica,2023/24,0,Robusta
Jamaica,2024/25,0,Robusta
Jamaica,2025/26,0,Robusta
Japan,2021/22,0,Robusta
Japan,2022/23,0,Robusta
Japan,2023/24,0,Robusta
Japan,2024/25,0,Robusta
Japan,2025/26,0,Robusta
Jordan,2021/22,0,Robusta
Jordan,2022/23,0,Robusta
Jordan,2023/24,0,Robusta
Jordan,2024/25,0,Robusta
Jordan,2025/26,0,Robusta
Kazakhstan,2021/22,0,Robusta
Kazakhstan,2022/23,0,Robusta
Kazakhstan,2023/24,0,Robusta
Kazakhstan,2024/25,0,Robusta
Kazakhstan,2025/26,0,Robusta
Kenya,2021/22,0,Robusta
Kenya,2022/23,0,Robusta
Kenya,2023/24,0,Robusta
Kenya,2024/25,0,Robusta
Kenya,2025/26,0,Robusta
Korea South,2021/22,0,Robusta
Korea South,2022/23,0,Robusta
Korea South,2023/24,0,Robusta
Korea South,2024/25,0,Robusta
Korea South,2025/26,0,Robusta
Kosovo,2021/22,0,Robusta
Kosovo,2022/23,0,Robusta
Kosovo,2023/24,0,Robusta
Kosovo,2024/25,0,Robusta
Kosovo,2025/26,0,Robusta
Laos,2021/22,385,Robusta
Laos,2022/23,410,Robusta
Laos,2023/24,410,Robusta
Laos,2024/25,430,Robusta
Laos,2025/26,430,Robusta
Liberia,2021/22,0,Robusta
Liberia,2022/23,0,Robusta
Liberia,2023/24,0,Robusta
Liberia,2024/25,0,Robusta
Liberia,2025/26,0,Robusta
North Macedonia,2021/22,0,Robusta
North Macedonia,2022/23,0,Robusta
North Macedonia,2023/24,0,Robusta
North Macedonia,2024/25,0,Robusta
North Macedonia,2025/26,0,Robusta
Madagascar,2021/22,275,Robusta
Madagascar,2022/23,300,Robusta
Madagascar,2023/24,275,Robusta
Madagascar,2024/25,275,Robusta
Madagascar,2025/26,275,Robusta
Malawi,2021/22,0,Robusta
Malawi,2022/23,0,Robusta
Malawi,2023/24,0,Robusta
Malawi,2024/25,0,Robusta
Malawi,2025/26,0,Robusta
Malaysia,2021/22,2000,Robusta
Malaysia,2022/23,2000,Robusta
Malaysia,2023/24,1330,Robusta
Malaysia,2024/25,1400,Robusta
Malaysia,2025/26,1500,Robusta
Mexico,2021/22,540,Robusta
Mexico,2022/23,545,Robusta
Mexico,2023/24,500,Robusta
Mexico,2024/25,340,Robusta
Mexico,2025/26,363,Robusta
Montenegro,2021/22,0,Robusta
Montenegro,2022/23,0,Robusta
Montenegro,2023/24,0,Robusta
Montenegro,2024/25,0,Robusta
Montenegro,2025/26,0,Robusta
Morocco,2021/22,0,Robusta
Morocco,2022/23,0,Robusta
Morocco,2023/24,0,Robusta
Morocco,2024/25,0,Robusta
Morocco,2025/26,0,Robusta
New Caledonia,2021/22,0,Robusta
New Caledonia,2022/23,0,Robusta
New Caledonia,2023/24,0,Robusta
New Caledonia,2024/25,0,Robusta
New Caledonia,2025/26,0,Robusta
New Zealand,2021/22,0,Robusta
New Zealand,2022/23,0,Robusta
New Zealand,2023/24,0,Robusta
New Zealand,2024/25,0,Robusta
New Zealand,2025/26,0,Robusta
Nicaragua,2021/22,120,Robusta
Nicaragua,2022/23,160,Robusta
Nicaragua,2023/24,160,Robusta
Nicaragua,2024/25,160,Robusta
Nicaragua,2025/26,160,Robusta
Nigeria,2021/22,0,Robusta
Nigeria,2022/23,0,Robusta
Nigeria,2023/24,0,Robusta
Nigeria,2024/25,0,Robusta
Nigeria,2025/26,0,Robusta
Norway,2021/22,0,Robusta
Norway,2022/23,0,Robusta
Norway,2023/24,0,Robusta
Norway,2024/25,0,Robusta
Norway,2025/26,0,Robusta
Panama,2021/22,0,Robusta
Panama,2022/23,0,Robusta
Panama,2023/24,0,Robusta
Panama,2024/25,0,Robusta
Panama,2025/26,0,Robusta
Papua New Guinea,2021/22,50,Robusta
Papua New Guinea,2022/23,50,Robusta
Papua New Guinea,2023/24,50,Robusta
Papua New Guinea,2024/25,40,Robusta
Papua New Guinea,2025/26,50,Robusta
Paraguay,2021/22,0,Robusta
Paraguay,2022/23,0,Robusta
Paraguay,2023/24,0,Robusta
Paraguay,2024/25,0,Robusta
Paraguay,2025/26,0,Robusta
Peru,2021/22,0,Robusta
Peru,2022/23,0,Robusta
Peru,2023/24,0,Robusta
Peru,2024/25,0,Robusta
Peru,2025/26,0,Robusta
Philippines,2021/22,425,Robusta
Philippines,2022/23,450,Robusta
Philippines,2023/24,425,Robusta
Philippines,2024/25,425,Robusta
Philippines,2025/26,425,Robusta
Russia,2021/22,0,Robusta
Russia,2022/23,0,Robusta
Russia,2023/24,0,Robusta
Russia,2024/25,0,Robusta
Russia,2025/26,0,Robusta
Rwanda,2021/22,0,Robusta
Rwanda,2022/23,0,Robusta
Rwanda,2023/24,0,Robusta
Rwanda,2024/25,0,Robusta
Rwanda,2025/26,0,Robusta
Saudi Arabia,2021/22,0,Robusta
Saudi Arabia,2022/23,0,Robusta
Saudi Arabia,2023/24,0,Robusta
Saudi Arabia,2024/25,0,Robusta
Saudi Arabia,2025/26,0,Robusta
Senegal,2021/22,0,Robusta
Senegal,2022/23,0,Robusta
Senegal,2023/24,0,Robusta
Senegal,2024/25,0,Robusta
Senegal,2025/26,0,Robusta
Serbia,2021/22,0,Robusta
Serbia,2022/23,0,Robusta
Serbia,2023/24,0,Robusta
Serbia,2024/25,0,Robusta
Serbia,2025/26,0,Robusta
Sierra Leone,2021/22,33,Robusta
Sierra Leone,2022/23,55,Robusta
Sierra Leone,2023/24,35,Robusta
Sierra Leone,2024/25,58,Robusta
Sierra Leone,2025/26,60,Robusta
Singapore,2021/22,0,Robusta
Singapore,2022/23,0,Robusta
Singapore,2023/24,0,Robusta
Singapore,2024/25,0,Robusta
Singapore,2025/26,0,Robusta
South Africa,2021/22,0,Robusta
South Africa,2022/23,0,Robusta
South Africa,2023/24,0,Robusta
South Africa,2024/25,0,Robusta
South Africa,2025/26,0,Robusta
Sri Lanka,2021/22,0,Robusta
Sri Lanka,2022/23,0,Robusta
Sri Lanka,2023/24,0,Robusta
Sri Lanka,2024/25,0,Robusta
Sri Lanka,2025/26,0,Robusta
Switzerland,2021/22,0,Robusta
Switzerland,2022/23,0,Robusta
Switzerland,2023/24,0,Robusta
Switzerland,2024/25,0,Robusta
Switzerland,2025/26,0,Robusta
Taiwan,2021/22,0,Robusta
Taiwan,2022/23,0,Robusta
Taiwan,2023/24,0,Robusta
Taiwan,2024/25,0,Robusta
Taiwan,2025/26,0,Robusta
Tanzania,2021/22,550,Robusta
Tanzania,2022/23,550,Robusta
Tanzania,2023/24,600,Robusta
Tanzania,2024/25,650,Robusta
Tanzania,2025/26,700,Robusta
Thailand,2021/22,650,Robusta
Thailand,2022/23,700,Robusta
Thailand,2023/24,750,Robusta
Thailand,2024/25,900,Robusta
Thailand,2025/26,900,Robusta
Togo,2021/22,80,Robusta
Togo,2022/23,110,Robusta
Togo,2023/24,75,Robusta
Togo,2024/25,90,Robusta
Togo,2025/26,85,Robusta
Trinidad and Tobago,2021/22,0,Robusta
Trinidad and Tobago,2022/23,0,Robusta
Trinidad and Tobago,2023/24,0,Robusta
Trinidad and Tobago,2024/25,0,Robusta
Trinidad and Tobago,2025/26,0,Robusta
Turkey,2021/22,0,Robusta
Turkey,2022/23,0,Robusta
Turkey,2023/24,0,Robusta
Turkey,2024/25,0,Robusta
Turkey,2025/26,0,Robusta
Uganda,2021/22,5060,Robusta
Uganda,2022/23,5575,Robusta
Uganda,2023/24,5400,Robusta
Uganda,2024/25,5670,Robusta
Uganda,2025/26,5815,Robusta
Ukraine,2021/22,0,Robusta
Ukraine,2022/23,0,Robusta
Ukraine,2023/24,0,Robusta
Ukraine,2024/25,0,Robusta
Ukraine,2025/26,0,Robusta
United Kingdom,2021/22,0,Robusta
United Kingdom,2022/23,0,Robusta
United Kingdom,2023/24,0,Robusta
United Kingdom,2024/25,0,Robusta
United Kingdom,2025/26,0,Robusta
United States,2021/22,0,Robusta
United States,2022/23,0,Robusta
United States,2023/24,0,Robusta
United States,2024/25,0,Robusta
United States,2025/26,0,Robusta
Uruguay,2021/22,0,Robusta
Uruguay,2022/23,0,Robusta
Uruguay,2023/24,0,Robusta
Uruguay,2024/25,0,Robusta
Uruguay,2025/26,0,Robusta
Venezuela,2021/22,0,Robusta
Venezuela,2022/23,0,Robusta
Venezuela,2023/24,0,Robusta
Venezuela,2024/25,0,Robusta
Venezuela,2025/26,0,Robusta
Vietnam,2021/22,30480,Robusta
Vietnam,2022/23,27300,Robusta
Vietnam,2023/24,26550,Robusta
Vietnam,2024/25,28000,Robusta
Vietnam,2025/26,29600,Robusta
Yemen,2021/22,0,Robusta
Yemen,2022/23,0,Robusta
Yemen,2023/24,0,Robusta
Yemen,2024/25,0,Robusta
Yemen,2025/26,0,Robusta
Zambia,2021/22,0,Robusta
Zambia,2022/23,0,Robusta
Zambia,2023/24,0,Robusta
Zambia,2024/25,0,Robusta
Zambia,2025/26,0,Robusta
Zimbabwe,2021/22,0,Robusta
Zimbabwe,2022/23,0,Robusta
Zimbabwe,2023/24,0,Robusta
Zimbabwe,2024/25,0,Robusta
Zimbabwe,2025/26,0,Robusta
Albania,2021/22,0,Arabica
Albania,2022/23,0,Arabica
Albania,2023/24,0,Arabica
Albania,2024/25,0,Arabica
Albania,2025/26,0,Arabica
Algeria,2021/22,0,Arabica
Algeria,2022/23,0,Arabica
Algeria,2023/24,0,Arabica
Algeria,2024/25,0,Arabica
Algeria,2025/26,0,Arabica
Angola,2021/22,0,Arabica
Angola,2022/23,0,Arabica
Angola,2023/24,0,Arabica
Angola,2024/25,0,Arabica
Angola,2025/26,0,Arabica
Argentina,2021/22,0,Arabica
Argentina,2022/23,0,Arabica
Argentina,2023/24,0,Arabica
Argentina,2024/25,0,Arabica
Argentina,2025/26,0,Arabica
Armenia,2021/22,0,Arabica
Armenia,2022/23,0,Arabica
Armenia,2023/24,0,Arabica
Armenia,2024/25,0,Arabica
Armenia,2025/26,0,Arabica
Australia,2021/22,0,Arabica
Australia,2022/23,0,Arabica
Australia,2023/24,0,Arabica
Australia,2024/25,0,Arabica
Australia,2025/26,0,Arabica
Benin,2021/22,0,Arabica
Benin,2022/23,0,Arabica
Benin,2023/24,0,Arabica
Benin,2024/25,0,Arabica
Benin,2025/26,0,Arabica
Bolivia,2021/22,85,Arabica
Bolivia,2022/23,90,Arabica
Bolivia,2023/24,70,Arabica
Bolivia,2024/25,85,Arabica
Bolivia,2025/26,80,Arabica
Bosnia and Herzegovina,2021/22,0,Arabica
Bosnia and Herzegovina,2022/23,0,Arabica
Bosnia and Herzegovina,2023/24,0,Arabica
Bosnia and Herzegovina,2024/25,0,Arabica
Bosnia and Herzegovina,2025/26,0,Arabica
Brazil,2021/22,36400,Arabica
Brazil,2022/23,39800,Arabica
Brazil,2023/24,44900,Arabica
Brazil,2024/25,44000,Arabica
Brazil,2025/26,38000,Arabica
Burundi,2021/22,165,Arabica
Burundi,2022/23,175,Arabica
Burundi,2023/24,140,Arabica
Burundi,2024/25,115,Arabica
Burundi,2025/26,125,Arabica
Cameroon,2021/22,25,Arabica
Cameroon,2022/23,50,Arabica
Cameroon,2023/24,25,Arabica
Cameroon,2024/25,25,Arabica
Cameroon,2025/26,25,Arabica
Canada,2021/22,0,Arabica
Canada,2022/23,0,Arabica
Canada,2023/24,0,Arabica
Canada,2024/25,0,Arabica
Canada,2025/26,0,Arabica
Central African Republic,2021/22,0,Arabica
Central African Republic,2022/23,0,Arabica
Central African Republic,2023/24,0,Arabica
Central African Republic,2024/25,0,Arabica
Central African Republic,2025/26,0,Arabica
Chile,2021/22,0,Arabica
Chile,2022/23,0,Arabica
Chile,2023/24,0,Arabica
Chile,2024/25,0,Arabica
Chile,2025/26,0,Arabica
China,2021/22,1800,Arabica
China,2022/23,1800,Arabica
China,2023/24,1800,Arabica
China,2024/25,1900,Arabica
China,2025/26,1900,Arabica
Colombia,2021/22,11800,Arabica
Colombia,2022/23,10700,Arabica
Colombia,2023/24,12760,Arabica
Colombia,2024/25,14800,Arabica
Colombia,2025/26,13800,Arabica
Congo (Brazzaville),2021/22,0,Arabica
Congo (Brazzaville),2022/23,0,Arabica
Congo (Brazzaville),2023/24,0,Arabica
Congo (Brazzaville),2024/25,0,Arabica
Congo (Brazzaville),2025/26,0,Arabica
Congo (Kinshasa),2021/22,70,Arabica
Congo (Kinshasa),2022/23,75,Arabica
Congo (Kinshasa),2023/24,75,Arabica
Congo (Kinshasa),2024/25,50,Arabica
Congo (Kinshasa),2025/26,50,Arabica
Costa Rica,2021/22,1215,Arabica
Costa Rica,2022/23,1100,Arabica
Costa Rica,2023/24,1158,Arabica
Costa Rica,2024/25,1298,Arabica
Costa Rica,2025/26,1170,Arabica
Cote dchr(39)Ivoire,2021/22,0,Arabica
Cote dchr(39)Ivoire,2022/23,0,Arabica
Cote dchr(39)Ivoire,2023/24,0,Arabica
Cote dchr(39)Ivoire,2024/25,0,Arabica
Cote dchr(39)Ivoire,2025/26,0,Arabica
Croatia,2021/22,0,Arabica
Croatia,2022/23,0,Arabica
Croatia,2023/24,0,Arabica
Croatia,2024/25,0,Arabica
Croatia,2025/26,0,Arabica
Cuba,2021/22,100,Arabica
Cuba,2022/23,100,Arabica
Cuba,2023/24,100,Arabica
Cuba,2024/25,100,Arabica
Cuba,2025/26,100,Arabica
Dominican Republic,2021/22,125,Arabica
Dominican Republic,2022/23,125,Arabica
Dominican Republic,2023/24,125,Arabica
Dominican Republic,2024/25,125,Arabica
Dominican Republic,2025/26,125,Arabica
Ecuador,2021/22,90,Arabica
Ecuador,2022/23,113,Arabica
Ecuador,2023/24,120,Arabica
Ecuador,2024/25,105,Arabica
Ecuador,2025/26,100,Arabica
Egypt,2021/22,0,Arabica
Egypt,2022/23,0,Arabica
Egypt,2023/24,0,Arabica
Egypt,2024/25,0,Arabica
Egypt,2025/26,0,Arabica
El Salvador,2021/22,600,Arabica
El Salvador,2022/23,550,Arabica
El Salvador,2023/24,604,Arabica
El Salvador,2024/25,450,Arabica
El Salvador,2025/26,500,Arabica
Equatorial Guinea,2021/22,0,Arabica
Equatorial Guinea,2022/23,0,Arabica
Equatorial Guinea,2023/24,0,Arabica
Equatorial Guinea,2024/25,0,Arabica
Equatorial Guinea,2025/26,0,Arabica
Ethiopia,2021/22,8150,Arabica
Ethiopia,2022/23,7300,Arabica
Ethiopia,2023/24,9130,Arabica
Ethiopia,2024/25,11100,Arabica
Ethiopia,2025/26,11560,Arabica
European Union,2021/22,0,Arabica
European Union,2022/23,0,Arabica
European Union,2023/24,0,Arabica
European Union,2024/25,0,Arabica
European Union,2025/26,0,Arabica
Gabon,2021/22,0,Arabica
Gabon,2022/23,0,Arabica
Gabon,2023/24,0,Arabica
Gabon,2024/25,0,Arabica
Gabon,2025/26,0,Arabica
Georgia,2021/22,0,Arabica
Georgia,2022/23,0,Arabica
Georgia,2023/24,0,Arabica
Georgia,2024/25,0,Arabica
Georgia,2025/26,0,Arabica
Ghana,2021/22,0,Arabica
Ghana,2022/23,0,Arabica
Ghana,2023/24,0,Arabica
Ghana,2024/25,0,Arabica
Ghana,2025/26,0,Arabica
Guatemala,2021/22,3410,Arabica
Guatemala,2022/23,3150,Arabica
Guatemala,2023/24,3339,Arabica
Guatemala,2024/25,3075,Arabica
Guatemala,2025/26,3410,Arabica
Guinea,2021/22,0,Arabica
Guinea,2022/23,0,Arabica
Guinea,2023/24,0,Arabica
Guinea,2024/25,0,Arabica
Guinea,2025/26,0,Arabica
Guyana,2021/22,0,Arabica
Guyana,2022/23,0,Arabica
Guyana,2023/24,0,Arabica
Guyana,2024/25,0,Arabica
Guyana,2025/26,0,Arabica
Haiti,2021/22,0,Arabica
Haiti,2022/23,0,Arabica
Haiti,2023/24,0,Arabica
Haiti,2024/25,0,Arabica
Haiti,2025/26,0,Arabica
Honduras,2021/22,4800,Arabica
Honduras,2022/23,5700,Arabica
Honduras,2023/24,5050,Arabica
Honduras,2024/25,5000,Arabica
Honduras,2025/26,5800,Arabica
India,2021/22,1583,Arabica
India,2022/23,1667,Arabica
India,2023/24,1480,Arabica
India,2024/25,1400,Arabica
India,2025/26,1350,Arabica
Indonesia,2021/22,1280,Arabica
Indonesia,2022/23,1200,Arabica
Indonesia,2023/24,1350,Arabica
Indonesia,2024/25,1400,Arabica
Indonesia,2025/26,1450,Arabica
Iran,2021/22,0,Arabica
Iran,2022/23,0,Arabica
Iran,2023/24,0,Arabica
Iran,2024/25,0,Arabica
Iran,2025/26,0,Arabica
Jamaica,2021/22,15,Arabica
Jamaica,2022/23,18,Arabica
Jamaica,2023/24,19,Arabica
Jamaica,2024/25,15,Arabica
Jamaica,2025/26,20,Arabica
Japan,2021/22,0,Arabica
Japan,2022/23,0,Arabica
Japan,2023/24,0,Arabica
Japan,2024/25,0,Arabica
Japan,2025/26,0,Arabica
Jordan,2021/22,0,Arabica
Jordan,2022/23,0,Arabica
Jordan,2023/24,0,Arabica
Jordan,2024/25,0,Arabica
Jordan,2025/26,0,Arabica
Kazakhstan,2021/22,0,Arabica
Kazakhstan,2022/23,0,Arabica
Kazakhstan,2023/24,0,Arabica
Kazakhstan,2024/25,0,Arabica
Kazakhstan,2025/26,0,Arabica
Kenya,2021/22,860,Arabica
Kenya,2022/23,750,Arabica
Kenya,2023/24,825,Arabica
Kenya,2024/25,1000,Arabica
Kenya,2025/26,850,Arabica
Korea South,2021/22,0,Arabica
Korea South,2022/23,0,Arabica
Korea South,2023/24,0,Arabica
Korea South,2024/25,0,Arabica
Korea South,2025/26,0,Arabica
Kosovo,2021/22,0,Arabica
Kosovo,2022/23,0,Arabica
Kosovo,2023/24,0,Arabica
Kosovo,2024/25,0,Arabica
Kosovo,2025/26,0,Arabica
Laos,2021/22,0,Arabica
Laos,2022/23,0,Arabica
Laos,2023/24,0,Arabica
Laos,2024/25,0,Arabica
Laos,2025/26,0,Arabica
Liberia,2021/22,0,Arabica
Liberia,2022/23,0,Arabica
Liberia,2023/24,0,Arabica
Liberia,2024/25,0,Arabica
Liberia,2025/26,0,Arabica
North Macedonia,2021/22,0,Arabica
North Macedonia,2022/23,0,Arabica
North Macedonia,2023/24,0,Arabica
North Macedonia,2024/25,0,Arabica
North Macedonia,2025/26,0,Arabica
Madagascar,2021/22,25,Arabica
Madagascar,2022/23,25,Arabica
Madagascar,2023/24,25,Arabica
Madagascar,2024/25,25,Arabica
Madagascar,2025/26,25,Arabica
Malawi,2021/22,0,Arabica
Malawi,2022/23,0,Arabica
Malawi,2023/24,0,Arabica
Malawi,2024/25,0,Arabica
Malawi,2025/26,0,Arabica
Malaysia,2021/22,0,Arabica
Malaysia,2022/23,0,Arabica
Malaysia,2023/24,0,Arabica
Malaysia,2024/25,0,Arabica
Malaysia,2025/26,0,Arabica
Mexico,2021/22,3200,Arabica
Mexico,2022/23,3000,Arabica
Mexico,2023/24,3356,Arabica
Mexico,2024/25,3530,Arabica
Mexico,2025/26,3540,Arabica
Montenegro,2021/22,0,Arabica
Montenegro,2022/23,0,Arabica
Montenegro,2023/24,0,Arabica
Montenegro,2024/25,0,Arabica
Montenegro,2025/26,0,Arabica
Morocco,2021/22,0,Arabica
Morocco,2022/23,0,Arabica
Morocco,2023/24,0,Arabica
Morocco,2024/25,0,Arabica
Morocco,2025/26,0,Arabica
New Caledonia,2021/22,0,Arabica
New Caledonia,2022/23,0,Arabica
New Caledonia,2023/24,0,Arabica
New Caledonia,2024/25,0,Arabica
New Caledonia,2025/26,0,Arabica
New Zealand,2021/22,0,Arabica
New Zealand,2022/23,0,Arabica
New Zealand,2023/24,0,Arabica
New Zealand,2024/25,0,Arabica
New Zealand,2025/26,0,Arabica
Nicaragua,2021/22,2718,Arabica
Nicaragua,2022/23,2430,Arabica
Nicaragua,2023/24,2187,Arabica
Nicaragua,2024/25,2400,Arabica
Nicaragua,2025/26,2420,Arabica
Nigeria,2021/22,0,Arabica
Nigeria,2022/23,0,Arabica
Nigeria,2023/24,0,Arabica
Nigeria,2024/25,0,Arabica
Nigeria,2025/26,0,Arabica
Norway,2021/22,0,Arabica
Norway,2022/23,0,Arabica
Norway,2023/24,0,Arabica
Norway,2024/25,0,Arabica
Norway,2025/26,0,Arabica
Panama,2021/22,75,Arabica
Panama,2022/23,85,Arabica
Panama,2023/24,75,Arabica
Panama,2024/25,100,Arabica
Panama,2025/26,80,Arabica
Papua New Guinea,2021/22,725,Arabica
Papua New Guinea,2022/23,825,Arabica
Papua New Guinea,2023/24,930,Arabica
Papua New Guinea,2024/25,800,Arabica
Papua New Guinea,2025/26,900,Arabica
Paraguay,2021/22,0,Arabica
Paraguay,2022/23,0,Arabica
Paraguay,2023/24,0,Arabica
Paraguay,2024/25,0,Arabica
Paraguay,2025/26,0,Arabica
Peru,2021/22,4200,Arabica
Peru,2022/23,3475,Arabica
Peru,2023/24,3912,Arabica
Peru,2024/25,3700,Arabica
Peru,2025/26,4200,Arabica
Philippines,2021/22,25,Arabica
Philippines,2022/23,25,Arabica
Philippines,2023/24,25,Arabica
Philippines,2024/25,25,Arabica
Philippines,2025/26,25,Arabica
Russia,2021/22,0,Arabica
Russia,2022/23,0,Arabica
Russia,2023/24,0,Arabica
Russia,2024/25,0,Arabica
Russia,2025/26,0,Arabica
Rwanda,2021/22,270,Arabica
Rwanda,2022/23,275,Arabica
Rwanda,2023/24,360,Arabica
Rwanda,2024/25,300,Arabica
Rwanda,2025/26,350,Arabica
Saudi Arabia,2021/22,0,Arabica
Saudi Arabia,2022/23,0,Arabica
Saudi Arabia,2023/24,0,Arabica
Saudi Arabia,2024/25,0,Arabica
Saudi Arabia,2025/26,0,Arabica
Senegal,2021/22,0,Arabica
Senegal,2022/23,0,Arabica
Senegal,2023/24,0,Arabica
Senegal,2024/25,0,Arabica
Senegal,2025/26,0,Arabica
Serbia,2021/22,0,Arabica
Serbia,2022/23,0,Arabica
Serbia,2023/24,0,Arabica
Serbia,2024/25,0,Arabica
Serbia,2025/26,0,Arabica
Sierra Leone,2021/22,0,Arabica
Sierra Leone,2022/23,0,Arabica
Sierra Leone,2023/24,0,Arabica
Sierra Leone,2024/25,0,Arabica
Sierra Leone,2025/26,0,Arabica
Singapore,2021/22,0,Arabica
Singapore,2022/23,0,Arabica
Singapore,2023/24,0,Arabica
Singapore,2024/25,0,Arabica
Singapore,2025/26,0,Arabica
South Africa,2021/22,0,Arabica
South Africa,2022/23,0,Arabica
South Africa,2023/24,0,Arabica
South Africa,2024/25,0,Arabica
South Africa,2025/26,0,Arabica
Sri Lanka,2021/22,0,Arabica
Sri Lanka,2022/23,0,Arabica
Sri Lanka,2023/24,0,Arabica
Sri Lanka,2024/25,0,Arabica
Sri Lanka,2025/26,0,Arabica
Switzerland,2021/22,0,Arabica
Switzerland,2022/23,0,Arabica
Switzerland,2023/24,0,Arabica
Switzerland,2024/25,0,Arabica
Switzerland,2025/26,0,Arabica
Taiwan,2021/22,0,Arabica
Taiwan,2022/23,0,Arabica
Taiwan,2023/24,0,Arabica
Taiwan,2024/25,0,Arabica
Taiwan,2025/26,0,Arabica
Tanzania,2021/22,650,Arabica
Tanzania,2022/23,650,Arabica
Tanzania,2023/24,750,Arabica
Tanzania,2024/25,700,Arabica
Tanzania,2025/26,750,Arabica
Thailand,2021/22,0,Arabica
Thailand,2022/23,0,Arabica
Thailand,2023/24,0,Arabica
Thailand,2024/25,0,Arabica
Thailand,2025/26,0,Arabica
Togo,2021/22,0,Arabica
Togo,2022/23,0,Arabica
Togo,2023/24,0,Arabica
Togo,2024/25,0,Arabica
Togo,2025/26,0,Arabica
Trinidad and Tobago,2021/22,0,Arabica
Trinidad and Tobago,2022/23,0,Arabica
Trinidad and Tobago,2023/24,0,Arabica
Trinidad and Tobago,2024/25,0,Arabica
Trinidad and Tobago,2025/26,0,Arabica
Turkey,2021/22,0,Arabica
Turkey,2022/23,0,Arabica
Turkey,2023/24,0,Arabica
Turkey,2024/25,0,Arabica
Turkey,2025/26,0,Arabica
Uganda,2021/22,990,Arabica
Uganda,2022/23,990,Arabica
Uganda,2023/24,1000,Arabica
Uganda,2024/25,1030,Arabica
Uganda,2025/26,1060,Arabica
Ukraine,2021/22,0,Arabica
Ukraine,2022/23,0,Arabica
Ukraine,2023/24,0,Arabica
Ukraine,2024/25,0,Arabica
Ukraine,2025/26,0,Arabica
United Kingdom,2021/22,0,Arabica
United Kingdom,2022/23,0,Arabica
United Kingdom,2023/24,0,Arabica
United Kingdom,2024/25,0,Arabica
United Kingdom,2025/26,0,Arabica
United States,2021/22,38,Arabica
United States,2022/23,40,Arabica
United States,2023/24,50,Arabica
United States,2024/25,50,Arabica
United States,2025/26,50,Arabica
Uruguay,2021/22,0,Arabica
Uruguay,2022/23,0,Arabica
Uruguay,2023/24,0,Arabica
Uruguay,2024/25,0,Arabica
Uruguay,2025/26,0,Arabica
Venezuela,2021/22,500,Arabica
Venezuela,2022/23,500,Arabica
Venezuela,2023/24,500,Arabica
Venezuela,2024/25,500,Arabica
Venezuela,2025/26,500,Arabica
Vietnam,2021/22,1100,Arabica
Vietnam,2022/23,1000,Arabica
Vietnam,2023/24,1000,Arabica
Vietnam,2024/25,1000,Arabica
Vietnam,2025/26,1200,Arabica
Yemen,2021/22,0,Arabica
Yemen,2022/23,0,Arabica
Yemen,2023/24,0,Arabica
Yemen,2024/25,0,Arabica
Yemen,2025/26,0,Arabica
Zambia,2021/22,0,Arabica
Zambia,2022/23,0,Arabica
Zambia,2023/24,0,Arabica
Zambia,2024/25,0,Arabica
Zambia,2025/26,0,Arabica
Zimbabwe,2021/22,0,Arabica
Zimbabwe,2022/23,0,Arabica
Zimbabwe,2023/24,0,Arabica
Zimbabwe,2024/25,0,Arabica
Zimbabwe,2025/26,0,Arabica
